label,mean_exp1,sd_exp1,mean_exp2,sd_exp2
gG140A,1.0000,0.0000,1.0000,0.0690
gS23A,0.9316,0.0069,0.8136,0.2154
gS122A,0.7949,0.0689,0.8107,0.1928
gS141A,0.9540,0.0000,0.6997,0.1393
gG113A,0.7403,0.2049,0.5705,0.0881
gQ62A,0.5763,0.0069,0.5254,0.2317
gH192A,0.9662,0.0000,0.5221,0.1045
gE169A,0.7512,0.1035,0.5186,0.1710
gD79A,0.4655,0.0623,0.5085,0.3439
gG151A,0.8998,0.0248,0.4914,0.1592
gD95A,0.6796,0.0107,0.4895,0.2080
gL105A,0.8188,0.1803,0.4598,0.0579
gE92A,0.6043,0.1043,0.4529,0.3318
gR115A,0.5455,0.1413,0.4441,0.0455
gE80A,0.5323,0.0396,0.4400,0.3203
gT94A,0.3950,0.2594,0.4376,0.2855
gG86A,0.4317,0.0911,0.4361,0.3551
gE165A,0.6503,0.0156,0.4182,0.0631
gV110A,0.4506,0.2715,0.3849,0.2342
gP69A,0.4853,0.2148,0.3838,0.1305
gD83A,0.5774,0.1487,0.3814,0.1799
gV237A,0.4449,0.0200,0.3715,0.1677
gE91A,0.6253,0.0487,0.3696,0.1980
gL64A,0.4579,0.0279,0.3660,0.2342
gR116A,0.5512,0.0379,0.3634,0.0763
gQ111A,0.4954,0.0195,0.3602,0.1944
gA193H,0.5757,0.1547,0.3569,0.0832
gR65A,0.4919,0.0531,0.3566,0.2015
gL205A,0.4101,0.0005,0.3470,0.1157
gD221A,0.3582,0.1024,0.3449,0.1360
gH96A,0.5148,0.0497,0.3414,0.0839
gA233H,0.3641,0.0032,0.3409,0.0939
gR234A,0.3197,0.0265,0.3396,0.1373
gG52A,0.3780,0.0520,0.3359,0.2261
gT90A,0.6946,0.0944,0.3317,0.2088
gP175A,0.6854,0.0769,0.3307,0.0978
gR33A,0.5583,0.1268,0.3307,0.0789
gP66A,0.6872,0.0637,0.3290,0.1600
gI54A,0.4921,0.1165,0.3290,0.1864
gV210A,0.3282,0.0411,0.3270,0.1268
gT119A,0.4674,0.0403,0.3245,0.0993
gE217A,0.3443,0.0539,0.3208,0.1874
gE230A,0.8612,0.0000,0.3191,0.1007
gR174A,0.5081,0.1808,0.3157,0.0719
gV18A,0.5808,0.0334,0.3115,0.1565
gT224A,0.3489,0.0013,0.3114,0.0795
gG36A,0.3110,0.0721,0.3114,0.1285
gK88A,0.5576,0.0577,0.3104,0.1286
gQ26A,0.5222,0.0282,0.3006,0.1335
gA209H,0.2884,0.0480,0.2968,0.1262
gE112A,0.4277,0.1664,0.2952,0.0103
gV84A,0.5251,0.0627,0.2937,0.0837
gM57A,0.5438,0.1271,0.2928,0.0608
gA226H,0.3802,0.1041,0.2902,0.0724
gP185A,0.4893,0.2103,0.2888,0.0741
gN98A,0.5688,0.0107,0.2869,0.0369
gR99A,0.7333,0.0000,0.2851,0.0090
gE29A,0.8001,0.0000,0.2841,0.1177
gA34H,0.6152,0.0341,0.2813,0.1306
gE22A,0.3105,0.1744,0.2808,0.0648
gG32A,0.8870,0.0000,0.2804,0.1060
gD166A,0.4448,0.2129,0.2790,0.0799
gK118A,0.4370,0.2732,0.2779,0.0274
gL100A,0.7136,0.0000,0.2770,0.0627
gG142A,0.6467,0.1769,0.2756,0.0375
gK219A,0.2693,0.0496,0.2751,0.0909
gE59A,0.4538,0.0520,0.2746,0.0514
gK35A,0.4075,0.0432,0.2739,0.0990
gH42A,0.5649,0.1571,0.2726,0.1467
gN212A,0.3955,0.0690,0.2726,0.0739
gN211A,0.2901,0.1772,0.2690,0.0808
gP197A,0.4385,0.0557,0.2688,0.1240
gE50A,0.5068,0.0548,0.2676,0.1031
gT13A,0.4717,0.3132,0.2666,0.0355
gG63A,0.3075,0.0178,0.2661,0.0979
gV47A,0.4533,0.1452,0.2593,0.0668
gS4A,0.1713,0.1313,0.2561,0.0631
gL82A,0.6267,0.0565,0.2554,0.0728
gE223A,0.2138,0.0181,0.2549,0.0697
gK55A,0.3473,0.0521,0.2541,0.1280
gR229A,0.2554,0.1283,0.2526,0.0950
gE176A,0.4821,0.0743,0.2514,0.1028
gE51A,0.4167,0.0672,0.2505,0.0925
gR76A,0.2818,0.0329,0.2470,0.0861
gL133A,0.4076,0.0762,0.2423,0.1028
gP108A,0.4921,0.0622,0.2411,0.0653
gV214A,0.3147,0.0062,0.2408,0.0085
gK120A,0.5345,0.1405,0.2402,0.0560
gS186A,0.6081,0.0558,0.2379,0.0088
gP216A,0.3374,0.0336,0.2317,0.0922
gE43A,0.4408,0.0627,0.2291,0.0581
gL104A,0.4951,0.1276,0.2282,0.0208
gL199A,0.2547,0.0221,0.2234,0.0848
gY85A,0.4458,0.1778,0.2214,0.1356
gV37A,0.5054,0.2993,0.2155,0.0322
gP204A,0.3278,0.0218,0.2112,0.0217
gE68A,0.3017,0.2192,0.2107,0.0719
gE27A,0.3578,0.0350,0.2100,0.0988
gP144A,0.5316,0.1166,0.2055,0.0604
gQ153A,0.6586,0.0000,0.1983,0.0618
gQ155A,0.4618,0.0890,0.1982,0.0906
gA218H,0.2481,0.0785,0.1923,0.0739
gS38A,0.2546,0.0704,0.1922,0.0544
gV24A,0.4041,0.0702,0.1697,0.0277
gV225A,0.2311,0.0633,0.1690,0.0392
gY58A,0.4685,0.0467,0.1589,0.0702
gL179A,0.3719,0.0485,0.1547,0.0477
gP125A,0.3057,0.0340,0.1544,0.0486
gY200A,0.1059,0.1190,0.1539,0.0697
gV25A,0.4155,0.0837,0.1404,0.0247
gA30H,0.1062,0.1533,0.1395,0.0460
gT162A,0.3842,0.0107,0.1306,0.0331
gN5A,0.2523,0.1442,0.1303,0.0359
gN46A,0.2709,0.0633,0.1233,0.0301
gD2A,0.3947,0.2331,0.1213,0.0160
gK77A,0.3561,0.1220,0.1204,0.0269
gV60A,0.2124,0.0320,0.1199,0.0404
gD40A,0.2643,0.0415,0.1178,0.0535
gL89A,0.4953,0.0534,0.1060,0.0398
gK139A,0.2779,0.0608,0.1056,0.0386
gG190A,0.4932,0.0880,0.1000,0.0378
gG236A,0.3250,0.0037,0.0996,0.0735
gG173A,0.2569,0.0923,0.0995,0.0370
gG129A,0.3041,0.1513,0.0970,0.0060
gI10A,0.3490,0.1841,0.0862,0.0221
gR75A,0.3034,0.0015,0.0824,0.0050
gP106A,0.3078,0.0349,0.0803,0.0120
gR7A,0.2882,0.0578,0.0788,0.0227
gD160A,0.3310,0.1657,0.0778,0.0206
gI39A,0.2455,0.0515,0.0747,0.0057
gG124A,0.1735,0.0845,0.0698,0.0314
gE93A,0.4077,0.1840,0.0660,0.0090
gE215A,0.0920,0.0222,0.0644,0.0229
gV17A,0.4245,0.1097,0.0619,0.0051
gP202A,0.2061,0.0689,0.0586,0.0252
gV3A,0.1181,0.0660,0.0515,0.0324
gV56A,0.2206,0.0688,0.0455,0.0201
gI194A,0.2022,0.0430,0.0409,0.0079
gR132A,0.2204,0.0551,0.0409,0.0280
gF157A,0.2498,0.0563,0.0390,0.0238
gG28A,0.2367,0.0740,0.0381,0.0041
gY53A,0.1585,0.0597,0.0360,0.0188
gI8A,0.3058,0.1408,0.0355,0.0168
gV6A,0.1661,0.0714,0.0346,0.0186
gY220A,0.1485,0.0181,0.0339,0.0088
gC196A,0.2114,0.1008,0.0327,0.0467
gA61H,0.2235,0.1784,0.0327,0.0225
gD71A,0.2129,0.0696,0.0303,0.0183
gH213A,0.1171,0.0505,0.0267,0.0058
gR103A,0.3323,0.0172,0.0248,0.0179
gL73A,0.1032,0.0167,0.0245,0.0129
gA232H,0.1807,0.0504,0.0243,0.0154
gQ152A,0.3304,0.1636,0.0242,0.0072
gD12A,0.1445,0.1825,0.0222,0.0393
gL135A,0.2415,0.0099,0.0211,0.0099
gL31A,0.1635,0.0146,0.0209,0.0009
gL87A,0.2648,0.0711,0.0167,0.0096
gP161A,0.5435,0.0000,0.0161,0.0067
gL78A,0.1533,NA,0.0139,0.0188
gH102A,0.3247,0.1628,0.0128,0.0045
gN136A,0.2698,0.0845,0.0124,0.0076
gV201A,0.0659,0.0580,0.0122,0.0053
gV181A,0.2490,0.0426,0.0121,0.0099
gS127A,0.1573,0.0813,0.0118,0.0076
gF97A,0.2273,0.0399,0.0118,0.0089
gV9A,0.2596,0.1115,0.0114,0.0041
gL235A,0.0408,0.0433,0.0100,0.0091
gI163A,0.2160,0.0269,0.0097,0.0050
gH74A,0.2944,0.0076,0.0096,0.0148
gA183H,0.2267,0.0650,0.0093,0.0114
gE177A,0.2202,0.1109,0.0092,0.0077
gG208A,0.0676,0.0163,0.0090,0.0138
gL188A,0.2361,0.1560,0.0082,0.0089
gD146A,0.2131,0.0612,0.0081,0.0088
gV72A,0.2489,0.1674,0.0080,0.0065
gK156A,0.1929,0.0217,0.0080,0.0062
gT198A,0.0490,0.0491,0.0078,0.0072
gL231A,0.0000,0.0457,0.0077,0.0060
gL81A,0.2258,0.0180,0.0077,0.0095
gG195A,0.0598,0.0094,0.0075,0.0139
gN19A,0.1180,0.0111,0.0073,0.0020
gV168A,0.2808,0.0632,0.0066,0.0069
gH222A,0.0525,0.0722,0.0064,0.0037
gA191H,0.3181,0.1172,0.0063,0.0056
gF11A,0.1527,0.0555,0.0063,0.0022
gA182H,0.2126,0.1245,0.0063,0.0063
gW67A,0.2251,0.2479,0.0061,0.0090
gV178A,0.2535,0.0104,0.0058,0.0047
gW48A,0.0624,0.0831,0.0058,0.0064
gR49A,0.1670,0.0695,0.0054,0.0055
gW101A,0.0741,0.0697,0.0052,0.0027
gN128A,0.1892,0.1174,0.0051,0.0012
gV70A,0.0980,0.0061,0.0051,0.0066
gP159A,0.2641,0.0275,0.0051,0.0027
gE206A,0.0715,0.0167,0.0050,0.0080
gL170A,0.2477,0.0005,0.0050,0.0033
gF126A,0.0877,0.1698,0.0049,0.0032
gI123A,0.0791,0.0962,0.0048,0.0030
gL114A,0.1354,0.0143,0.0047,0.0039
gR203A,0.0414,0.0262,0.0047,0.0065
gD189A,0.2654,0.0474,0.0046,0.0045
gT16A,0.2108,0.1936,0.0045,0.0029
gL171A,0.2189,0.0017,0.0044,0.0049
gL149A,0.1894,0.0579,0.0044,0.0047
gM180A,0.2240,0.0781,0.0044,0.0013
gD130A,0.1952,0.0158,0.0043,0.0036
gF154A,0.2012,0.0385,0.0043,0.0039
gM137A,0.2126,0.1172,0.0042,0.0056
gW41A,0.0887,0.0746,0.0042,0.0077
gF131A,0.1290,0.0315,0.0042,0.0048
gA150H,0.2671,0.1215,0.0042,0.0042
gF44A,0.0455,0.0820,0.0039,0.0045
gK158A,0.2550,0.0701,0.0039,0.0048
gG15A,0.1073,0.0215,0.0037,0.0022
gL117A,0.0906,0.0120,0.0037,0.0040
gD109A,0.1963,0.0000,0.0032,0.0040
gW145A,0.1647,0.0979,0.0030,0.0044
gG172A,0.2415,0.1102,0.0030,0.0036
gW20A,0.0525,0.0824,0.0029,0.0033
gA138H,0.1770,0.0322,0.0028,0.0033
gH184A,0.2692,0.0687,0.0027,0.0045
gL134A,0.2358,0.0906,0.0027,0.0062
gF14A,0.0955,0.0057,0.0026,0.0013
gA45H,0.0297,0.0803,0.0026,0.0022
gF147A,0.1870,0.0464,0.0025,0.0028
gY164A,0.2258,0.0849,0.0023,0.0054
gH21A,0.1659,0.0836,0.0023,0.0021
gL143A,0.2097,0.0538,0.0022,0.0021
gY121A,0.1237,0.1330,0.0021,0.0014
gA167H,0.2289,0.0450,0.0021,0.0067
gI148A,0.2247,0.0651,0.0020,0.0029
gF228A,0.0835,0.0191,0.0016,0.0022
gY207A,0.0341,0.0239,0.0012,0.0019
gD227A,0.0518,0.0110,0.0007,0.0010
gW107A,0.0874,0.1212,0.0006,0.0014
gD187A,0.2273,0.0250,0.0000,0.0014