label,activity,position
gG140A,1,140
gS23A,0.813585481,23
gS122A,0.810663886,122
gS141A,0.699735024,141
gG113A,0.570527995,113
gQ62A,0.525442572,62
gH192A,0.522132924,192
gE169A,0.518588305,169
gD79A,0.508502228,79
gG151A,0.491436327,151
gD95A,0.489499903,95
gL105A,0.459830728,105
gE92A,0.452890747,92
gR115A,0.444137151,115
gE80A,0.440012628,80
gT94A,0.43760395,94
gG86A,0.436121849,86
gE165A,0.418218072,165
gV110A,0.384935069,110
gP69A,0.383835017,69
gD83A,0.381387489,83
gV237A,0.371475264,237
gE91A,0.369639705,91
gL64A,0.365984144,64
gR116A,0.363383243,116
gQ111A,0.360245084,111
gA193H,0.356918359,193
gR65A,0.35658079,65
gL205A,0.346994011,205
gD221A,0.344928405,221
gH96A,0.341429426,96
gA233H,0.340852996,233
gR234A,0.339576456,234
gG52A,0.335886796,52
gT90A,0.33166772,90
gP175A,0.330690629,175
gR33A,0.330662676,33
gP66A,0.329043188,66
gI54A,0.329006065,54
gV210A,0.327033299,210
gT119A,0.324511395,119
gE217A,0.320839698,217
gE230A,0.319110949,230
gR174A,0.315725858,174
gV18A,0.311527085,18
gT224A,0.311402634,224
gG36A,0.311361879,36
gK88A,0.310380878,88
gQ26A,0.3006,26
gA209H,0.296814478,209
gE112A,0.295168977,112
gV84A,0.29365521,84
gM57A,0.292765465,57
gA226H,0.290180306,226
gP185A,0.288843874,185
gN98A,0.286867425,98
gR99A,0.285071511,99
gE29A,0.284065872,29
gA34H,0.281282116,34
gE22A,0.280800585,22
gG32A,0.280375171,32
gD166A,0.278985265,166
gK118A,0.277870393,118
gL100A,0.277047268,100
gG142A,0.275639169,142
gK219A,0.275136489,219
gE59A,0.274581505,59
gK35A,0.273941499,35
gH42A,0.272599667,42
gN212A,0.272559243,212
gN211A,0.268977005,211
gP197A,0.268806449,197
gE50A,0.267632218,50
gT13A,0.26656508,13
gG63A,0.266064831,63
gV47A,0.25931969,47
gS4A,0.256073104,4
gL82A,0.255435129,82
gE223A,0.25490047,223
gK55A,0.254050031,55
gR229A,0.252578127,229
gE176A,0.25137417,176
gE51A,0.250489243,51
gR76A,0.246985063,76
gL133A,0.242286187,133
gP108A,0.241142982,108
gV214A,0.240790917,214
gK120A,0.240164412,120
gS186A,0.23790797,186
gP216A,0.231660827,216
gE43A,0.229065864,43
gL104A,0.22819616,104
gL199A,0.223443439,199
gY85A,0.22137468,85
gV37A,0.215476777,37
gP204A,0.2112151,204
gE68A,0.210744796,68
gE27A,0.209972453,27
gP144A,0.205450401,144
gQ153A,0.198251845,153
gQ155A,0.198245117,155
gA218H,0.192303275,218
gS38A,0.192238414,38
gV24A,0.169704755,24
gV225A,0.169045792,225
gY58A,0.158855318,58
gL179A,0.15474752,179
gP125A,0.154395935,125
gY200A,0.153905984,200
gV25A,0.140424592,25
gA30H,0.13950272,30
gT162A,0.130585768,162
gN5A,0.130345885,5
gN46A,0.123319122,46
gD2A,0.121300271,2
gK77A,0.120414768,77
gV60A,0.119887157,60
gD40A,0.117810102,40
gL89A,0.105972573,89
gK139A,0.105604276,139
gG190A,0.100030473,190
gG236A,0.099574936,236
gG173A,0.09954643,173
gG129A,0.096986375,129
gI10A,0.086245763,10
gR75A,0.082440166,75
gP106A,0.080290459,106
gR7A,0.078815984,7
gD160A,0.07782939,160
gI39A,0.074716041,39
gG124A,0.0697745,124
gE93A,0.066034057,93
gE215A,0.064416518,215
gV17A,0.061904194,17
gP202A,0.05861149,202
gV3A,0.051506413,3
gV56A,0.045485435,56
gI194A,0.040916218,194
gR132A,0.040859154,132
gF157A,0.038954146,157
gG28A,0.038093468,28
gY53A,0.03599629,53
gI8A,0.035534948,8
gV6A,0.034647607,6
gY220A,0.033930684,220
gC196A,0.032741751,196
gA61H,0.032685468,61
gD71A,0.030324587,71
gH213A,0.026663534,213
gR103A,0.024779713,103
gL73A,0.024522984,73
gA232H,0.024298722,232
gQ152A,0.024227108,152
gD12A,0.022201025,12
gL135A,0.021073102,135
gL31A,0.020874186,31
gL87A,0.016660397,87
gP161A,0.016075921,161
gL78A,0.013850583,78
gH102A,0.012771212,102
gN136A,0.01240586,136
gV201A,0.012158837,201
gV181A,0.012122776,181
gS127A,0.011799804,127
gF97A,0.011761552,97
gV9A,0.011413616,9
gL235A,0.009960183,235
gI163A,0.00968264,163
gH74A,0.009574334,74
gA183H,0.009287787,183
gE177A,0.009185207,177
gG208A,0.008978188,208
gL188A,0.008166933,188
gD146A,0.008121242,146
gV72A,0.008009039,72
gK156A,0.007955657,156
gT198A,0.007811228,198
gL231A,0.007682524,231
gL81A,0.007663721,81
gG195A,0.007524448,195
gN19A,0.007275481,19
gV168A,0.006640085,168
gH222A,0.00644403,222
gA191H,0.006305766,191
gF11A,0.006283207,11
gA182H,0.006278786,182
gW67A,0.006118859,67
gV178A,0.005790764,178
gW48A,0.005758032,48
gR49A,0.005366732,49
gW101A,0.005212292,101
gN128A,0.005142683,128
gV70A,0.005095762,70
gP159A,0.005080295,159
gE206A,0.005037628,206
gL170A,0.004969134,170
gF126A,0.004905378,126
gI123A,0.004803299,123
gL114A,0.004693429,114
gR203A,0.004684926,203
gD189A,0.004623688,189
gT16A,0.00451608,16
gL171A,0.004442439,171
gL149A,0.004426444,149
gM180A,0.004408233,180
gD130A,0.004347725,130
gF154A,0.004253837,154
gM137A,0.004244287,137
gW41A,0.004224135,41
gF131A,0.004203932,131
gA150H,0.004158048,150
gF44A,0.003927625,44
gK158A,0.003877919,158
gG15A,0.003743255,15
gL117A,0.003687744,117
gD109A,0.003219611,109
gW145A,0.003005183,145
gG172A,0.002982553,172
gW20A,0.00291777,20
gA138H,0.002799437,138
gH184A,0.002707291,184
gL134A,0.002670626,134
gF14A,0.002575762,14
gA45H,0.002565523,45
gF147A,0.002527246,147
gY164A,0.002335367,164
gH21A,0.002272933,21
gL143A,0.002188883,143
gY121A,0.002122609,121
gA167H,0.002059268,167
gI148A,0.002024452,148
gF228A,0.00160338,228
gY207A,0.001213023,207
gD227A,7.35E-04,227
gW107A,5.92E-04,107
gD187A,1.16E-18,187