label,position,mean_exp2,sd_exp2,mean_exp1,sd_exp1
gD2A,2,0.1213,0.016,0.3947,0.2331
gV3A,3,0.0515,0.0324,0.1181,0.066
gS4A,4,0.2561,0.0631,0.1713,0.1313
gN5A,5,0.1303,0.0359,0.2523,0.1442
gV6A,6,0.0346,0.0186,0.1661,0.0714
gR7A,7,0.0788,0.0227,0.2882,0.0578
gI8A,8,0.0355,0.0168,0.3058,0.1408
gV9A,9,0.0114,0.0041,0.2596,0.1115
gI10A,10,0.0862,0.0221,0.349,0.1841
gF11A,11,0.0063,0.0022,0.1527,0.0555
gD12A,12,0.0222,0.0393,0.1445,0.1825
gT13A,13,0.2666,0.0355,0.4717,0.3132
gF14A,14,0.0026,0.0013,0.0955,0.0057
gG15A,15,0.0037,0.0022,0.1073,0.0215
gT16A,16,0.0045,0.0029,0.2108,0.1936
gV17A,17,0.0619,0.0051,0.4245,0.1097
gV18A,18,0.3115,0.1565,0.5808,0.0334
gN19A,19,0.0073,0.002,0.118,0.0111
gW20A,20,0.0029,0.0033,0.0525,0.0824
gH21A,21,0.0023,0.0021,0.1659,0.0836
gE22A,22,0.2808,0.0648,0.3105,0.1744
gS23A,23,0.8136,0.2154,0.9316,0.0069
gV24A,24,0.1697,0.0277,0.4041,0.0702
gV25A,25,0.1404,0.0247,0.4155,0.0837
gQ26A,26,0.3006,0.1335,0.5222,0.0282
gE27A,27,0.21,0.0988,0.3578,0.035
gG28A,28,0.0381,0.0041,0.2367,0.074
gE29A,29,0.2841,0.1177,0.8001,0
gA30H,30,0.1395,0.046,0.1062,0.1533
gL31A,31,0.0209,0.0009,0.1635,0.0146
gG32A,32,0.2804,0.106,0.887,0
gR33A,33,0.3307,0.0789,0.5583,0.1268
gA34H,34,0.2813,0.1306,0.6152,0.0341
gK35A,35,0.2739,0.099,0.4075,0.0432
gG36A,36,0.3114,0.1285,0.311,0.0721
gV37A,37,0.2155,0.0322,0.5054,0.2993
gS38A,38,0.1922,0.0544,0.2546,0.0704
gI39A,39,0.0747,0.0057,0.2455,0.0515
gD40A,40,0.1178,0.0535,0.2643,0.0415
gW41A,41,0.0042,0.0077,0.0887,0.0746
gH42A,42,0.2726,0.1467,0.5649,0.1571
gE43A,43,0.2291,0.0581,0.4408,0.0627
gF44A,44,0.0039,0.0045,0.0455,0.082
gA45H,45,0.0026,0.0022,0.0297,0.0803
gN46A,46,0.1233,0.0301,0.2709,0.0633
gV47A,47,0.2593,0.0668,0.4533,0.1452
gW48A,48,0.0058,0.0064,0.0624,0.0831
gR49A,49,0.0054,0.0055,0.167,0.0695
gE50A,50,0.2676,0.1031,0.5068,0.0548
gE51A,51,0.2505,0.0925,0.4167,0.0672
gG52A,52,0.3359,0.2261,0.378,0.052
gY53A,53,0.036,0.0188,0.1585,0.0597
gI54A,54,0.329,0.1864,0.4921,0.1165
gK55A,55,0.2541,0.128,0.3473,0.0521
gV56A,56,0.0455,0.0201,0.2206,0.0688
gM57A,57,0.2928,0.0608,0.5438,0.1271
gY58A,58,0.1589,0.0702,0.4685,0.0467
gE59A,59,0.2746,0.0514,0.4538,0.052
gV60A,60,0.1199,0.0404,0.2124,0.032
gA61H,61,0.0327,0.0225,0.2235,0.1784
gQ62A,62,0.5254,0.2317,0.5763,0.0069
gG63A,63,0.2661,0.0979,0.3075,0.0178
gL64A,64,0.366,0.2342,0.4579,0.0279
gR65A,65,0.3566,0.2015,0.4919,0.0531
gP66A,66,0.329,0.16,0.6872,0.0637
gW67A,67,0.0061,0.009,0.2251,0.2479
gE68A,68,0.2107,0.0719,0.3017,0.2192
gP69A,69,0.3838,0.1305,0.4853,0.2148
gV70A,70,0.0051,0.0066,0.098,0.0061
gD71A,71,0.0303,0.0183,0.2129,0.0696
gV72A,72,0.008,0.0065,0.2489,0.1674
gL73A,73,0.0245,0.0129,0.1032,0.0167
gH74A,74,0.0096,0.0148,0.2944,0.0076
gR75A,75,0.0824,0.005,0.3034,0.0015
gR76A,76,0.247,0.0861,0.2818,0.0329
gK77A,77,0.1204,0.0269,0.3561,0.122
gL78A,78,0.0139,0.0188,0.1533,NA
gD79A,79,0.5085,0.3439,0.4655,0.0623
gE80A,80,0.44,0.3203,0.5323,0.0396
gL81A,81,0.0077,0.0095,0.2258,0.018
gL82A,82,0.2554,0.0728,0.6267,0.0565
gD83A,83,0.3814,0.1799,0.5774,0.1487
gV84A,84,0.2937,0.0837,0.5251,0.0627
gY85A,85,0.2214,0.1356,0.4458,0.1778
gG86A,86,0.4361,0.3551,0.4317,0.0911
gL87A,87,0.0167,0.0096,0.2648,0.0711
gK88A,88,0.3104,0.1286,0.5576,0.0577
gL89A,89,0.106,0.0398,0.4953,0.0534
gT90A,90,0.3317,0.2088,0.6946,0.0944
gE91A,91,0.3696,0.198,0.6253,0.0487
gE92A,92,0.4529,0.3318,0.6043,0.1043
gE93A,93,0.066,0.009,0.4077,0.184
gT94A,94,0.4376,0.2855,0.395,0.2594
gD95A,95,0.4895,0.208,0.6796,0.0107
gH96A,96,0.3414,0.0839,0.5148,0.0497
gF97A,97,0.0118,0.0089,0.2273,0.0399
gN98A,98,0.2869,0.0369,0.5688,0.0107
gR99A,99,0.2851,0.009,0.7333,0
gL100A,100,0.277,0.0627,0.7136,0
gW101A,101,0.0052,0.0027,0.0741,0.0697
gH102A,102,0.0128,0.0045,0.3247,0.1628
gR103A,103,0.0248,0.0179,0.3323,0.0172
gL104A,104,0.2282,0.0208,0.4951,0.1276
gL105A,105,0.4598,0.0579,0.8188,0.1803
gP106A,106,0.0803,0.012,0.3078,0.0349
gW107A,107,0.0006,0.0014,0.0874,0.1212
gP108A,108,0.2411,0.0653,0.4921,0.0622
gD109A,109,0.0032,0.004,0.1963,0
gV110A,110,0.3849,0.2342,0.4506,0.2715
gQ111A,111,0.3602,0.1944,0.4954,0.0195
gE112A,112,0.2952,0.0103,0.4277,0.1664
gG113A,113,0.5705,0.0881,0.7403,0.2049
gL114A,114,0.0047,0.0039,0.1354,0.0143
gR115A,115,0.4441,0.0455,0.5455,0.1413
gR116A,116,0.3634,0.0763,0.5512,0.0379
gL117A,117,0.0037,0.004,0.0906,0.012
gK118A,118,0.2779,0.0274,0.437,0.2732
gT119A,119,0.3245,0.0993,0.4674,0.0403
gK120A,120,0.2402,0.056,0.5345,0.1405
gY121A,121,0.0021,0.0014,0.1237,0.133
gS122A,122,0.8107,0.1928,0.7949,0.0689
gI123A,123,0.0048,0.003,0.0791,0.0962
gG124A,124,0.0698,0.0314,0.1735,0.0845
gP125A,125,0.1544,0.0486,0.3057,0.034
gF126A,126,0.0049,0.0032,0.0877,0.1698
gS127A,127,0.0118,0.0076,0.1573,0.0813
gN128A,128,0.0051,0.0012,0.1892,0.1174
gG129A,129,0.097,0.006,0.3041,0.1513
gD130A,130,0.0043,0.0036,0.1952,0.0158
gF131A,131,0.0042,0.0048,0.129,0.0315
gR132A,132,0.0409,0.028,0.2204,0.0551
gL133A,133,0.2423,0.1028,0.4076,0.0762
gL134A,134,0.0027,0.0062,0.2358,0.0906
gL135A,135,0.0211,0.0099,0.2415,0.0099
gN136A,136,0.0124,0.0076,0.2698,0.0845
gM137A,137,0.0042,0.0056,0.2126,0.1172
gA138H,138,0.0028,0.0033,0.177,0.0322
gK139A,139,0.1056,0.0386,0.2779,0.0608
gG140A,140,1,0.069,1,0
gS141A,141,0.6997,0.1393,0.954,0
gG142A,142,0.2756,0.0375,0.6467,0.1769
gL143A,143,0.0022,0.0021,0.2097,0.0538
gP144A,144,0.2055,0.0604,0.5316,0.1166
gW145A,145,0.003,0.0044,0.1647,0.0979
gD146A,146,0.0081,0.0088,0.2131,0.0612
gF147A,147,0.0025,0.0028,0.187,0.0464
gI148A,148,0.002,0.0029,0.2247,0.0651
gL149A,149,0.0044,0.0047,0.1894,0.0579
gA150H,150,0.0042,0.0042,0.2671,0.1215
gG151A,151,0.4914,0.1592,0.8998,0.0248
gQ152A,152,0.0242,0.0072,0.3304,0.1636
gQ153A,153,0.1983,0.0618,0.6586,0
gF154A,154,0.0043,0.0039,0.2012,0.0385
gQ155A,155,0.1982,0.0906,0.4618,0.089
gK156A,156,0.008,0.0062,0.1929,0.0217
gF157A,157,0.039,0.0238,0.2498,0.0563
gK158A,158,0.0039,0.0048,0.255,0.0701
gP159A,159,0.0051,0.0027,0.2641,0.0275
gD160A,160,0.0778,0.0206,0.331,0.1657
gP161A,161,0.0161,0.0067,0.5435,0
gT162A,162,0.1306,0.0331,0.3842,0.0107
gI163A,163,0.0097,0.005,0.216,0.0269
gY164A,164,0.0023,0.0054,0.2258,0.0849
gE165A,165,0.4182,0.0631,0.6503,0.0156
gD166A,166,0.279,0.0799,0.4448,0.2129
gA167H,167,0.0021,0.0067,0.2289,0.045
gV168A,168,0.0066,0.0069,0.2808,0.0632
gE169A,169,0.5186,0.171,0.7512,0.1035
gL170A,170,0.005,0.0033,0.2477,0.0005
gL171A,171,0.0044,0.0049,0.2189,0.0017
gG172A,172,0.003,0.0036,0.2415,0.1102
gG173A,173,0.0995,0.037,0.2569,0.0923
gR174A,174,0.3157,0.0719,0.5081,0.1808
gP175A,175,0.3307,0.0978,0.6854,0.0769
gE176A,176,0.2514,0.1028,0.4821,0.0743
gE177A,177,0.0092,0.0077,0.2202,0.1109
gV178A,178,0.0058,0.0047,0.2535,0.0104
gL179A,179,0.1547,0.0477,0.3719,0.0485
gM180A,180,0.0044,0.0013,0.224,0.0781
gV181A,181,0.0121,0.0099,0.249,0.0426
gA182H,182,0.0063,0.0063,0.2126,0.1245
gA183H,183,0.0093,0.0114,0.2267,0.065
gH184A,184,0.0027,0.0045,0.2692,0.0687
gP185A,185,0.2888,0.0741,0.4893,0.2103
gS186A,186,0.2379,0.0088,0.6081,0.0558
gD187A,187,0,0.0014,0.2273,0.025
gL188A,188,0.0082,0.0089,0.2361,0.156
gD189A,189,0.0046,0.0045,0.2654,0.0474
gG190A,190,0.1,0.0378,0.4932,0.088
gA191H,191,0.0063,0.0056,0.3181,0.1172
gH192A,192,0.5221,0.1045,0.9662,0
gA193H,193,0.3569,0.0832,0.5757,0.1547
gI194A,194,0.0409,0.0079,0.2022,0.043
gG195A,195,0.0075,0.0139,0.0598,0.0094
gC196A,196,0.0327,0.0467,0.2114,0.1008
gP197A,197,0.2688,0.124,0.4385,0.0557
gT198A,198,0.0078,0.0072,0.049,0.0491
gL199A,199,0.2234,0.0848,0.2547,0.0221
gY200A,200,0.1539,0.0697,0.1059,0.119
gV201A,201,0.0122,0.0053,0.0659,0.058
gP202A,202,0.0586,0.0252,0.2061,0.0689
gR203A,203,0.0047,0.0065,0.0414,0.0262
gP204A,204,0.2112,0.0217,0.3278,0.0218
gL205A,205,0.347,0.1157,0.4101,0.0005
gE206A,206,0.005,0.008,0.0715,0.0167
gY207A,207,0.0012,0.0019,0.0341,0.0239
gG208A,208,0.009,0.0138,0.0676,0.0163
gA209H,209,0.2968,0.1262,0.2884,0.048
gV210A,210,0.327,0.1268,0.3282,0.0411
gN211A,211,0.269,0.0808,0.2901,0.1772
gN212A,212,0.2726,0.0739,0.3955,0.069
gH213A,213,0.0267,0.0058,0.1171,0.0505
gV214A,214,0.2408,0.0085,0.3147,0.0062
gE215A,215,0.0644,0.0229,0.092,0.0222
gP216A,216,0.2317,0.0922,0.3374,0.0336
gE217A,217,0.3208,0.1874,0.3443,0.0539
gA218H,218,0.1923,0.0739,0.2481,0.0785
gK219A,219,0.2751,0.0909,0.2693,0.0496
gY220A,220,0.0339,0.0088,0.1485,0.0181
gD221A,221,0.3449,0.136,0.3582,0.1024
gH222A,222,0.0064,0.0037,0.0525,0.0722
gE223A,223,0.2549,0.0697,0.2138,0.0181
gT224A,224,0.3114,0.0795,0.3489,0.0013
gV225A,225,0.169,0.0392,0.2311,0.0633
gA226H,226,0.2902,0.0724,0.3802,0.1041
gD227A,227,0.0007,0.001,0.0518,0.011
gF228A,228,0.0016,0.0022,0.0835,0.0191
gR229A,229,0.2526,0.095,0.2554,0.1283
gE230A,230,0.3191,0.1007,0.8612,0
gL231A,231,0.0077,0.006,0,0.0457
gA232H,232,0.0243,0.0154,0.1807,0.0504
gA233H,233,0.3409,0.0939,0.3641,0.0032
gR234A,234,0.3396,0.1373,0.3197,0.0265
gL235A,235,0.01,0.0091,0.0408,0.0433
gG236A,236,0.0996,0.0735,0.325,0.0037
gV237A,237,0.3715,0.1677,0.4449,0.02